{"cameraMode":{"drawMode":0,"name":"Shaded","section":"Shading Mode"},"sceneLighting":true,"audioPlay":false,"sceneViewState":{"m_AlwaysRefresh":false,"showFog":true,"showSkybox":true,"showFlares":true,"showImageEffects":true,"showParticleSystems":true,"showVisualEffectGraphs":true,"m_FxEnabled":true},"in2DMode":false,"pivot":{"x":-0.1531912386417389,"y":-6.179532527923584,"z":11.201794624328614},"rotation":{"x":-0.21755824983119965,"y":0.0020467524882405998,"z":-0.0004600746906362474,"w":-0.9760585427284241},"size":12.12435531616211,"orthographic":false}